CodigoProducto,NombreProducto,Presentacion
102,Producto0000001,24
103,Producto0000002,12
106,Producto0000003,8
108,Producto0000004,12
113,Producto0000005,4
114,Producto0000006,12
118,Producto0000007,6
123,Producto0000008,24
125,Producto0000009,24
128,Producto0000010,4
129,Producto0000011,12
131,Producto0000012,12
133,Producto0000013,2
137,Producto0000014,12
138,Producto0000015,6
139,Producto0000016,6
142,Producto0000017,12
149,Producto0000018,6
152,Producto0000019,6
155,Producto0000020,8
156,Producto0000021,3
158,Producto0000022,4
159,Producto0000023,6
161,Producto0000024,12
162,Producto0000025,12
163,Producto0000026,12
164,Producto0000027,20
166,Producto0000028,2
171,Producto0000029,8
172,Producto0000030,8
175,Producto0000031,12
178,Producto0000032,2
179,Producto0000033,6
181,Producto0000034,12
182,Producto0000035,12
183,Producto0000036,12
184,Producto0000037,16
186,Producto0000038,1
187,Producto0000039,1
189,Producto0000040,1
193,Producto0000041,12
194,Producto0000042,12
196,Producto0000043,6
199,Producto0000044,12
200,Producto0000045,12
201,Producto0000046,24
204,Producto0000047,12
207,Producto0000048,12
211,Producto0000049,6
212,Producto0000050,6
213,Producto0000051,6
215,Producto0000052,12
216,Producto0000053,6
217,Producto0000054,6
222,Producto0000055,6
227,Producto0000056,6
231,Producto0000057,6
232,Producto0000058,6
233,Producto0000059,6
234,Producto0000060,6
239,Producto0000061,6
240,Producto0000062,6
241,Producto0000063,6
242,Producto0000064,12
243,Producto0000065,12
244,Producto0000066,12
245,Producto0000067,6
246,Producto0000068,6
248,Producto0000069,6
249,Producto0000070,6
250,Producto0000071,6
251,Producto0000072,12
253,Producto0000073,12
254,Producto0000074,6
257,Producto0000075,6
258,Producto0000076,12
259,Producto0000077,20
260,Producto0000078,24
261,Producto0000079,24
262,Producto0000080,24
263,Producto0000081,12
264,Producto0000082,8
271,Producto0000083,6
272,Producto0000084,6
275,Producto0000085,24
276,Producto0000086,12
277,Producto0000087,24
278,Producto0000088,8
279,Producto0000089,6
280,Producto0000090,12
281,Producto0000091,8
283,Producto0000092,6
284,Producto0000093,6
285,Producto0000094,6
286,Producto0000095,6
287,Producto0000096,6
288,Producto0000097,6
295,Producto0000098,6
296,Producto0000099,6
298,Producto0000100,4
303,Producto0000101,12
375,Producto0000102,12
376,Producto0000103,6
378,Producto0000104,16
379,Producto0000105,24
380,Producto0000106,12
381,Producto0000107,12
382,Producto0000108,6
390,Producto0000109,12
391,Producto0000110,6
392,Producto0000111,12
393,Producto0000112,12
394,Producto0000113,6
405,Producto0000114,6
410,Producto0000115,6
411,Producto0000116,6
412,Producto0000117,6
413,Producto0000118,6
416,Producto0000119,6
417,Producto0000120,6
420,Producto0000121,6
421,Producto0000122,6
422,Producto0000123,6
423,Producto0000124,6
424,Producto0000125,6
425,Producto0000126,6
426,Producto0000127,6
427,Producto0000128,6
428,Producto0000129,6
429,Producto0000130,6
431,Producto0000131,6
432,Producto0000132,6
433,Producto0000133,6
434,Producto0000134,6
435,Producto0000135,6
439,Producto0000136,6
440,Producto0000137,6
441,Producto0000138,6
442,Producto0000139,6
443,Producto0000140,6
444,Producto0000141,6
445,Producto0000142,6
446,Producto0000143,6
447,Producto0000144,6
448,Producto0000145,6
449,Producto0000146,6
456,Producto0000147,6
457,Producto0000148,6
458,Producto0000149,12
459,Producto0000150,12
463,Producto0000151,6
464,Producto0000152,6
470,Producto0000153,6
471,Producto0000154,6
473,Producto0000155,6
474,Producto0000156,6
475,Producto0000157,6
476,Producto0000158,6
477,Producto0000159,6
478,Producto0000160,6
479,Producto0000161,6
495,Producto0000162,6
496,Producto0000163,6
499,Producto0000164,6
500,Producto0000165,6
501,Producto0000166,6
504,Producto0000167,6
505,Producto0000168,6
509,Producto0000169,6
515,Producto0000170,6
517,Producto0000171,12
518,Producto0000172,12
520,Producto0000173,6
521,Producto0000174,6
522,Producto0000175,6
523,Producto0000176,6
524,Producto0000177,6
582,Producto0000178,12
584,Producto0000179,12
585,Producto0000180,12
586,Producto0000181,2
587,Producto0000182,6
588,Producto0000183,12
589,Producto0000184,12
591,Producto0000185,6
608,Producto0000186,24
609,Producto0000187,4
610,Producto0000188,6
611,Producto0000189,2
618,Producto0000190,24
619,Producto0000191,24
622,Producto0000192,4
640,Producto0000193,12
704,Producto0000194,6
705,Producto0000195,6
706,Producto0000196,6
707,Producto0000197,6
708,Producto0000198,6
709,Producto0000199,6
710,Producto0000200,6
711,Producto0000201,6
712,Producto0000202,6
713,Producto0000203,6
714,Producto0000204,6
715,Producto0000205,6
716,Producto0000206,6
717,Producto0000207,6
718,Producto0000208,6
719,Producto0000209,6
720,Producto0000210,6
721,Producto0000211,6
722,Producto0000212,6
723,Producto0000213,6
724,Producto0000214,6
725,Producto0000215,6
726,Producto0000216,6
727,Producto0000217,6
728,Producto0000218,6
755,Producto0000219,6
756,Producto0000220,6
777,Producto0000221,6
778,Producto0000222,6
779,Producto0000223,6
780,Producto0000224,6
781,Producto0000225,6
782,Producto0000226,6
784,Producto0000227,6
785,Producto0000228,6
786,Producto0000229,6
787,Producto0000230,6
788,Producto0000231,4
789,Producto0000232,4
790,Producto0000233,6
791,Producto0000234,6
800,Producto0000235,1
903,Producto0000236,12
904,Producto0000237,12
905,Producto0000238,6
906,Producto0000239,6
1022,Producto0000240,24
1023,Producto0000241,24
1025,Producto0000242,12
1026,Producto0000243,12
1027,Producto0000244,6
1028,Producto0000245,24
1029,Producto0000246,6
1030,Producto0000247,6
1031,Producto0000248,1
1032,Producto0000249,1
1033,Producto0000250,1
1036,Producto0000251,8
1037,Producto0000252,6
1038,Producto0000253,8
1039,Producto0000254,8
1041,Producto0000255,12
1061,Producto0000256,24
1067,Producto0000257,4
1069,Producto0000258,12
1071,Producto0000259,6
1075,Producto0000260,4
1077,Producto0000261,2
1090,Producto0000262,12
1104,Producto0000263,12
1107,Producto0000264,12
1109,Producto0000265,12
1110,Producto0000266,24
1112,Producto0000267,4
1113,Producto0000268,4
1114,Producto0000269,4
1116,Producto0000270,4
1120,Producto0000271,6
1121,Producto0000272,12
1127,Producto0000273,6
1129,Producto0000274,12
1133,Producto0000275,12
1138,Producto0000276,6
1144,Producto0000277,12
1145,Producto0000278,12
1146,Producto0000279,12
1147,Producto0000280,12
1148,Producto0000281,12
1149,Producto0000282,4
1163,Producto0000283,6
1164,Producto0000284,6
1165,Producto0000285,6
1168,Producto0000286,6
1172,Producto0000287,24
1173,Producto0000288,24
1174,Producto0000289,12
1176,Producto0000290,24
1177,Producto0000291,24
1178,Producto0000292,12
1179,Producto0000293,6
1180,Producto0000294,12
1181,Producto0000295,2
1182,Producto0000296,4
1184,Producto0000297,6
1185,Producto0000298,12
1187,Producto0000299,12
1190,Producto0000300,2
1191,Producto0000301,6
1192,Producto0000302,6
1193,Producto0000303,12
1194,Producto0000304,12
1195,Producto0000305,8
1196,Producto0000306,8
1197,Producto0000307,12
1198,Producto0000308,6
1219,Producto0000309,12
1221,Producto0000310,24
1227,Producto0000311,24
1228,Producto0000312,24
1229,Producto0000313,24
1230,Producto0000314,24
1231,Producto0000315,6
1232,Producto0000316,6
1233,Producto0000317,6
1234,Producto0000318,6
1244,Producto0000319,24
1252,Producto0000320,6
1253,Producto0000321,6
1254,Producto0000322,6
1255,Producto0000323,6
1256,Producto0000324,6
1257,Producto0000325,6
1258,Producto0000326,6
1259,Producto0000327,12
1260,Producto0000328,6
1261,Producto0000329,6
1262,Producto0000330,6
1263,Producto0000331,12
1264,Producto0000332,6
1265,Producto0000333,24
1266,Producto0000334,12
1268,Producto0000335,2
1269,Producto0000336,4
1274,Producto0000337,6
1279,Producto0000338,6
1280,Producto0000339,12
1281,Producto0000340,6
1283,Producto0000341,12
1285,Producto0000342,1
1286,Producto0000343,6
1287,Producto0000344,2
1288,Producto0000345,24
1289,Producto0000346,12
1291,Producto0000347,12
1294,Producto0000348,6
1295,Producto0000349,12
1296,Producto0000350,6
1297,Producto0000351,6
1298,Producto0000352,6
1299,Producto0000353,6
1306,Producto0000354,12
1307,Producto0000355,6
1308,Producto0000356,6
1309,Producto0000357,6
1310,Producto0000358,12
1311,Producto0000359,12
1312,Producto0000360,12
1313,Producto0000361,12
1314,Producto0000362,12
1315,Producto0000363,12
1316,Producto0000364,12
1317,Producto0000365,6
1318,Producto0000366,4
1319,Producto0000367,4
1320,Producto0000368,6
1321,Producto0000369,6
1322,Producto0000370,12
1323,Producto0000371,6
1324,Producto0000372,12
1325,Producto0000373,12
1326,Producto0000374,6
1327,Producto0000375,6
1328,Producto0000376,8
1329,Producto0000377,6
1330,Producto0000378,6
1331,Producto0000379,6
1332,Producto0000380,6
1333,Producto0000381,24
1334,Producto0000382,8
1335,Producto0000383,6
1336,Producto0000384,6
1337,Producto0000385,6
1338,Producto0000386,12
1339,Producto0000387,12
1340,Producto0000388,12
1341,Producto0000389,12
1342,Producto0000390,12
1343,Producto0000391,8
1344,Producto0000392,6
1345,Producto0000393,6
1346,Producto0000394,12
1347,Producto0000395,12
1348,Producto0000396,24
1349,Producto0000397,12
1362,Producto0000398,6
1363,Producto0000399,12
1364,Producto0000400,12
1365,Producto0000401,24
1366,Producto0000402,6
1367,Producto0000403,6
1368,Producto0000404,6
1369,Producto0000405,6
1386,Producto0000406,12
1387,Producto0000407,12
1392,Producto0000408,20
1393,Producto0000409,12
1394,Producto0000410,6
1395,Producto0000411,12
1396,Producto0000412,6
1397,Producto0000413,12
1399,Producto0000414,12
1420,Producto0000415,24
1423,Producto0000416,12
1424,Producto0000417,12
1425,Producto0000418,6
1428,Producto0000419,6
1430,Producto0000420,24
1431,Producto0000421,1
1432,Producto0000422,1
1459,Producto0000423,24
1462,Producto0000424,4
1470,Producto0000425,12
1471,Producto0000426,24
1473,Producto0000427,8
1474,Producto0000428,6
1476,Producto0000429,20
1477,Producto0000430,6
1478,Producto0000431,24
1479,Producto0000432,20
1480,Producto0000433,12
1481,Producto0000434,12
1482,Producto0000435,6
1483,Producto0000436,6
1484,Producto0000437,4
1486,Producto0000438,6
1487,Producto0000439,1
1489,Producto0000440,6
1490,Producto0000441,6
1493,Producto0000442,12
1494,Producto0000443,12
1495,Producto0000444,6
1496,Producto0000445,12
1497,Producto0000446,12
1498,Producto0000447,12
1499,Producto0000448,6
1519,Producto0000449,24
1520,Producto0000450,24
1522,Producto0000451,12
1523,Producto0000452,12
1524,Producto0000453,6
1525,Producto0000454,24
1526,Producto0000455,24
1527,Producto0000456,4
1528,Producto0000457,6
1531,Producto0000458,1
1532,Producto0000459,1
1534,Producto0000460,12
1537,Producto0000461,6
1538,Producto0000462,1
1553,Producto0000463,12
1554,Producto0000464,6
1563,Producto0000465,8
1564,Producto0000466,6
1566,Producto0000467,20
1567,Producto0000468,6
1568,Producto0000469,4
1569,Producto0000470,6
1571,Producto0000471,6
1572,Producto0000472,6
1573,Producto0000473,12
1574,Producto0000474,12
1575,Producto0000475,12
1576,Producto0000476,12
1577,Producto0000477,6
1578,Producto0000478,12
1579,Producto0000479,6
1580,Producto0000480,24
1581,Producto0000481,24
1582,Producto0000482,12
1583,Producto0000483,8
1584,Producto0000484,12
1585,Producto0000485,12
1586,Producto0000486,24
1587,Producto0000487,24
1588,Producto0000488,24
1589,Producto0000489,24
1590,Producto0000490,24
1591,Producto0000491,24
1592,Producto0000492,24
1593,Producto0000493,12
1594,Producto0000494,6
1595,Producto0000495,12
1596,Producto0000496,6
1597,Producto0000497,20
1598,Producto0000498,6
1599,Producto0000499,6
1610,Producto0000500,6
1618,Producto0000501,12
1622,Producto0000502,12
1624,Producto0000503,12
1625,Producto0000504,24
1626,Producto0000505,12
1630,Producto0000506,24
1631,Producto0000507,24
1632,Producto0000508,24
1633,Producto0000509,24
1634,Producto0000510,24
1635,Producto0000511,24
1636,Producto0000512,24
1637,Producto0000513,24
1638,Producto0000514,18
1639,Producto0000515,18
1640,Producto0000516,6
1641,Producto0000517,6
1642,Producto0000518,4
1643,Producto0000519,4
1644,Producto0000520,6
1645,Producto0000521,6
1646,Producto0000522,6
1647,Producto0000523,6
1648,Producto0000524,6
1649,Producto0000525,6
1650,Producto0000526,6
1651,Producto0000527,4
1652,Producto0000528,4
1653,Producto0000529,12
1654,Producto0000530,12
1655,Producto0000531,12
1656,Producto0000532,12
1657,Producto0000533,12
1658,Producto0000534,12
1659,Producto0000535,12
1660,Producto0000536,12
1661,Producto0000537,12
1662,Producto0000538,2
1663,Producto0000539,6
1664,Producto0000540,12
1665,Producto0000541,12
1666,Producto0000542,12
1667,Producto0000543,12
1668,Producto0000544,12
1669,Producto0000545,12
1670,Producto0000546,24
1671,Producto0000547,24
1672,Producto0000548,24
1673,Producto0000549,24
1674,Producto0000550,24
1675,Producto0000551,24
1676,Producto0000552,24
1677,Producto0000553,24
1678,Producto0000554,24
1679,Producto0000555,24
1680,Producto0000556,24
1681,Producto0000557,24
1682,Producto0000558,24
1683,Producto0000559,24
1684,Producto0000560,24
1685,Producto0000561,24
1686,Producto0000562,24
1687,Producto0000563,32
1688,Producto0000564,32
1689,Producto0000565,32
1690,Producto0000566,32
1691,Producto0000567,6
1692,Producto0000568,4
1693,Producto0000569,6
1694,Producto0000570,6
1695,Producto0000571,4
1696,Producto0000572,4
1699,Producto0000573,6
1709,Producto0000574,1
1712,Producto0000575,1
1714,Producto0000576,1
1718,Producto0000577,24
1719,Producto0000578,24
1726,Producto0000579,6
1770,Producto0000580,15
1771,Producto0000581,15
1774,Producto0000582,6
1775,Producto0000583,1
1776,Producto0000584,6
1780,Producto0000585,12
1781,Producto0000586,12
1782,Producto0000587,1
1783,Producto0000588,6
1784,Producto0000589,6
1786,Producto0000590,6
1787,Producto0000591,6
1788,Producto0000592,12
1789,Producto0000593,12
1790,Producto0000594,15
1798,Producto0000595,6
1799,Producto0000596,6
1823,Producto0000597,6
1848,Producto0000598,12
1849,Producto0000599,12
1851,Producto0000600,15
1852,Producto0000601,12
1853,Producto0000602,12
1854,Producto0000603,6
1855,Producto0000604,6
1858,Producto0000605,6
1860,Producto0000606,6
1862,Producto0000607,2
1865,Producto0000608,15
1866,Producto0000609,15
1869,Producto0000610,15
1870,Producto0000611,15
1871,Producto0000612,15
1872,Producto0000613,15
1874,Producto0000614,6
1875,Producto0000615,15
1876,Producto0000616,4
1877,Producto0000617,6
1878,Producto0000618,6
1879,Producto0000619,6
1880,Producto0000620,6
1881,Producto0000621,6
1882,Producto0000622,6
1883,Producto0000623,36
1884,Producto0000624,6
1886,Producto0000625,12
1887,Producto0000626,12
1888,Producto0000627,12
1889,Producto0000628,12
1890,Producto0000629,15
1891,Producto0000630,15
1892,Producto0000631,6
1893,Producto0000632,12
1894,Producto0000633,12
1895,Producto0000634,15
1896,Producto0000635,15
1897,Producto0000636,15
1898,Producto0000637,15
1909,Producto0000638,12
1910,Producto0000639,12
1911,Producto0000640,12
1912,Producto0000641,12
1913,Producto0000642,6
1914,Producto0000643,6
1915,Producto0000644,6
1918,Producto0000645,12
1919,Producto0000646,12
1920,Producto0000647,12
1921,Producto0000648,12
1922,Producto0000649,6
1923,Producto0000650,6
1924,Producto0000651,6
1949,Producto0000652,12
1950,Producto0000653,6
1951,Producto0000654,12
1952,Producto0000655,6
1953,Producto0000656,6
1954,Producto0000657,6
1956,Producto0000658,6
1970,Producto0000659,12
1971,Producto0000660,6
1972,Producto0000661,6
1973,Producto0000662,6
1974,Producto0000663,6
1975,Producto0000664,6
1976,Producto0000665,6
1977,Producto0000666,4
1978,Producto0000667,6
1989,Producto0000668,12
1990,Producto0000669,12
1991,Producto0000670,6
1992,Producto0000671,6
1993,Producto0000672,6
1994,Producto0000673,6
1995,Producto0000674,6
1996,Producto0000675,6
1997,Producto0000676,6
2001,Producto0000677,1
2032,Producto0000678,1
2033,Producto0000679,1
2034,Producto0000680,1
2035,Producto0000681,1
2196,Producto0000682,1
2197,Producto0000683,1
2198,Producto0000684,1
2199,Producto0000685,1
2200,Producto0000686,1
2201,Producto0000687,1
2202,Producto0000688,1
2203,Producto0000689,1
2205,Producto0000690,1
2207,Producto0000691,1
2213,Producto0000692,1
2214,Producto0000693,1
2230,Producto0000694,1
2249,Producto0000695,1
2250,Producto0000696,1
2254,Producto0000697,1
2255,Producto0000698,1
2256,Producto0000699,1
2257,Producto0000700,1
2262,Producto0000701,1
2265,Producto0000702,1
2268,Producto0000703,1
2269,Producto0000704,1
2274,Producto0000705,1
2275,Producto0000706,1
2293,Producto0000707,1
2294,Producto0000708,1
2298,Producto0000709,1
2301,Producto0000710,1
2305,Producto0000711,1
2306,Producto0000712,1
2310,Producto0000713,1
2312,Producto0000714,1
2313,Producto0000715,1
2315,Producto0000716,50
2316,Producto0000717,50
2318,Producto0000718,1
2319,Producto0000719,1
2331,Producto0000720,1
2333,Producto0000721,1
2334,Producto0000722,1
2335,Producto0000723,1
2336,Producto0000724,1
2337,Producto0000725,1
2338,Producto0000726,1
2340,Producto0000727,1
2341,Producto0000728,1
2342,Producto0000729,1
2343,Producto0000730,1
2344,Producto0000731,1
2345,Producto0000732,1
2346,Producto0000733,1
2347,Producto0000734,1
2348,Producto0000735,1
2349,Producto0000736,1
2350,Producto0000737,1
2351,Producto0000738,1
2352,Producto0000739,1
2354,Producto0000740,50
2359,Producto0000741,1
2360,Producto0000742,1
2361,Producto0000743,1
2362,Producto0000744,1
2363,Producto0000745,1
2364,Producto0000746,1
2365,Producto0000747,1
2367,Producto0000748,1
2368,Producto0000749,1
2370,Producto0000750,1
2371,Producto0000751,1
2372,Producto0000752,1
2373,Producto0000753,1
2374,Producto0000754,1
2375,Producto0000755,1
2376,Producto0000756,1
2377,Producto0000757,1
2378,Producto0000758,1
2379,Producto0000759,1
2380,Producto0000760,1
2381,Producto0000761,1
2382,Producto0000762,1
2383,Producto0000763,1
2384,Producto0000764,1
2385,Producto0000765,1
2386,Producto0000766,1
2387,Producto0000767,1
2388,Producto0000768,50
2389,Producto0000769,50
2390,Producto0000770,1
2391,Producto0000771,1
2396,Producto0000772,1
2397,Producto0000773,1
2399,Producto0000774,1
2401,Producto0000775,1
2403,Producto0000776,1
2405,Producto0000777,1
2406,Producto0000778,1
2407,Producto0000779,1
2408,Producto0000780,1
2411,Producto0000781,1
2412,Producto0000782,1
2413,Producto0000783,1
2414,Producto0000784,1
2415,Producto0000785,1
2417,Producto0000786,1
2419,Producto0000787,1
2421,Producto0000788,1
2425,Producto0000789,1
2427,Producto0000790,1
2430,Producto0000791,1
2431,Producto0000792,1
2435,Producto0000793,1
2436,Producto0000794,1
2437,Producto0000795,1
2438,Producto0000796,1
2444,Producto0000797,1
2445,Producto0000798,1
2446,Producto0000799,1
2447,Producto0000800,1
2448,Producto0000801,1
2449,Producto0000802,1
2450,Producto0000803,1
2451,Producto0000804,1
2452,Producto0000805,1
2453,Producto0000806,1
2456,Producto0000807,1
2458,Producto0000808,1
2459,Producto0000809,1
2460,Producto0000810,1
2461,Producto0000811,1
2464,Producto0000812,1
2466,Producto0000813,1
2467,Producto0000814,1
2468,Producto0000815,1
2469,Producto0000816,1
2470,Producto0000817,1
2471,Producto0000818,1
2473,Producto0000819,1
2474,Producto0000820,1
2475,Producto0000821,1
2476,Producto0000822,1
2477,Producto0000823,1
2478,Producto0000824,1
2479,Producto0000825,1
2480,Producto0000826,1
2481,Producto0000827,1
2482,Producto0000828,1
2483,Producto0000829,50
2484,Producto0000830,50
2485,Producto0000831,50
2486,Producto0000832,50
2487,Producto0000833,50
2488,Producto0000834,50
2489,Producto0000835,50
2490,Producto0000836,50
2491,Producto0000837,50
2492,Producto0000838,50
2493,Producto0000839,50
2494,Producto0000840,50
2495,Producto0000841,50
2496,Producto0000842,50
2497,Producto0000843,50
2498,Producto0000844,50
2499,Producto0000845,50
2500,Producto0000846,1
2501,Producto0000847,1
2502,Producto0000848,1
2503,Producto0000849,1
2504,Producto0000850,1
2505,Producto0000851,1
2506,Producto0000852,1
2507,Producto0000853,1
2508,Producto0000854,1
2509,Producto0000855,1
2510,Producto0000856,1
2511,Producto0000857,1
2512,Producto0000858,1
2513,Producto0000859,1
2514,Producto0000860,1
2515,Producto0000861,1
2516,Producto0000862,1
2517,Producto0000863,1
2518,Producto0000864,1
2519,Producto0000865,1
2520,Producto0000866,1
2521,Producto0000867,1
2522,Producto0000868,1
2523,Producto0000869,1
2524,Producto0000870,1
2525,Producto0000871,1
2526,Producto0000872,1
2527,Producto0000873,1
2528,Producto0000874,1
2529,Producto0000875,1
2530,Producto0000876,1
2531,Producto0000877,1
2532,Producto0000878,1
2533,Producto0000879,1
2534,Producto0000880,1
2535,Producto0000881,1
2536,Producto0000882,1
2537,Producto0000883,1
2538,Producto0000884,1
2539,Producto0000885,1
2540,Producto0000886,1
2541,Producto0000887,1
2542,Producto0000888,1
2543,Producto0000889,1
2544,Producto0000890,1
2545,Producto0000891,1
2546,Producto0000892,1
2547,Producto0000893,1
2548,Producto0000894,1
2549,Producto0000895,1
2550,Producto0000896,1
2551,Producto0000897,1
2552,Producto0000898,1
2553,Producto0000899,1
2554,Producto0000900,1
2555,Producto0000901,1
2556,Producto0000902,1
2557,Producto0000903,1
2558,Producto0000904,1
2559,Producto0000905,1
2560,Producto0000906,1
2561,Producto0000907,1
2562,Producto0000908,1
2563,Producto0000909,1
2564,Producto0000910,1
2565,Producto0000911,1
2566,Producto0000912,1
2567,Producto0000913,1
2568,Producto0000914,1
2569,Producto0000915,1
2570,Producto0000916,1
2571,Producto0000917,1
2572,Producto0000918,1
2573,Producto0000919,1
2574,Producto0000920,1
2575,Producto0000921,1
2576,Producto0000922,1
2577,Producto0000923,1
2578,Producto0000924,1
2579,Producto0000925,1
2580,Producto0000926,1
2581,Producto0000927,1
2582,Producto0000928,1
2583,Producto0000929,1
2584,Producto0000930,1
2585,Producto0000931,1
2586,Producto0000932,1
2587,Producto0000933,1
2588,Producto0000934,1
2589,Producto0000935,1
2590,Producto0000936,1
2591,Producto0000937,1
2592,Producto0000938,1
2593,Producto0000939,1
2594,Producto0000940,1
2595,Producto0000941,1
2596,Producto0000942,1
2597,Producto0000943,1
2598,Producto0000944,1
2599,Producto0000945,1
2600,Producto0000946,1
2601,Producto0000947,1
2602,Producto0000948,1
2603,Producto0000949,1
2604,Producto0000950,1
2605,Producto0000951,1
2606,Producto0000952,1
2607,Producto0000953,1
2608,Producto0000954,1
2609,Producto0000955,1
2610,Producto0000956,1
2611,Producto0000957,1
2612,Producto0000958,1
2613,Producto0000959,1
2614,Producto0000960,1
2615,Producto0000961,1
2616,Producto0000962,1
2617,Producto0000963,1
2618,Producto0000964,1
2619,Producto0000965,1
2620,Producto0000966,1
2621,Producto0000967,1
2622,Producto0000968,1
2623,Producto0000969,1
2624,Producto0000970,1
2625,Producto0000971,1
2626,Producto0000972,1
2627,Producto0000973,1
2628,Producto0000974,1
2629,Producto0000975,1
2630,Producto0000976,1
2631,Producto0000977,1
2632,Producto0000978,1
2633,Producto0000979,1
2634,Producto0000980,1
2635,Producto0000981,1
2636,Producto0000982,1
2637,Producto0000983,1
2638,Producto0000984,1
2639,Producto0000985,1
2640,Producto0000986,1
2641,Producto0000987,1
2642,Producto0000988,1
2643,Producto0000989,1
2644,Producto0000990,1
2645,Producto0000991,1
2646,Producto0000992,1
2647,Producto0000993,1
2648,Producto0000994,1
2649,Producto0000995,1
2650,Producto0000996,1
2651,Producto0000997,1
2652,Producto0000998,1
2654,Producto0000999,1
2655,Producto0001000,1
2656,Producto0001001,1
2657,Producto0001002,1
2658,Producto0001003,1
2659,Producto0001004,1
2660,Producto0001005,1
2661,Producto0001006,1
2662,Producto0001007,1
2663,Producto0001008,1
2664,Producto0001009,1
2665,Producto0001010,1
2666,Producto0001011,1
2667,Producto0001012,1
2668,Producto0001013,1
2669,Producto0001014,1
2670,Producto0001015,1
2671,Producto0001016,1
2672,Producto0001017,1
2673,Producto0001018,1
2674,Producto0001019,1
2675,Producto0001020,1
2676,Producto0001021,1
2677,Producto0001022,1
2678,Producto0001023,1
2679,Producto0001024,1
2680,Producto0001025,1
2681,Producto0001026,1
2682,Producto0001027,1
2683,Producto0001028,1
2684,Producto0001029,1
2685,Producto0001030,1
2686,Producto0001031,1
2687,Producto0001032,1
2688,Producto0001033,1
2689,Producto0001034,1
2690,Producto0001035,1
2691,Producto0001036,1
2692,Producto0001037,1
2693,Producto0001038,1
2694,Producto0001039,1
2695,Producto0001040,1
2696,Producto0001041,1
2697,Producto0001042,1
2698,Producto0001043,1
2699,Producto0001044,1
2700,Producto0001045,1
2701,Producto0001046,1
2703,Producto0001047,1
2704,Producto0001048,1
2705,Producto0001049,1
2706,Producto0001050,1
2707,Producto0001051,1
2708,Producto0001052,1
2709,Producto0001053,1
2710,Producto0001054,1
2711,Producto0001055,1
2712,Producto0001056,1
2713,Producto0001057,1
2714,Producto0001058,1
2715,Producto0001059,1
2716,Producto0001060,1
2717,Producto0001061,1
2718,Producto0001062,1
2719,Producto0001063,1
2720,Producto0001064,1
2721,Producto0001065,1
2722,Producto0001066,1
2723,Producto0001067,1
2724,Producto0001068,1
2725,Producto0001069,1
2726,Producto0001070,1
2727,Producto0001071,1
2728,Producto0001072,1
2729,Producto0001073,1
2730,Producto0001074,1
2731,Producto0001075,1
2732,Producto0001076,1
2733,Producto0001077,1
2734,Producto0001078,1
2735,Producto0001079,1
2736,Producto0001080,1
2737,Producto0001081,1
2738,Producto0001082,1
2739,Producto0001083,1
2740,Producto0001084,1
2741,Producto0001085,1
2742,Producto0001086,1
2743,Producto0001087,1
2744,Producto0001088,1
2745,Producto0001089,1
2746,Producto0001090,1
2747,Producto0001091,1
2748,Producto0001092,1
2749,Producto0001093,1
2750,Producto0001094,1
2751,Producto0001095,1
2752,Producto0001096,1
2753,Producto0001097,1
2754,Producto0001098,1
2755,Producto0001099,1
2756,Producto0001100,1
2757,Producto0001101,1
2758,Producto0001102,1
2759,Producto0001103,1
2760,Producto0001104,1
2761,Producto0001105,1
2762,Producto0001106,1
2763,Producto0001107,1
2764,Producto0001108,1
2765,Producto0001109,1
2766,Producto0001110,1
2767,Producto0001111,1
2768,Producto0001112,1
2769,Producto0001113,1
2770,Producto0001114,1
2771,Producto0001115,1
2772,Producto0001116,1
2773,Producto0001117,1
2774,Producto0001118,1
2775,Producto0001119,1
2776,Producto0001120,1
2777,Producto0001121,1
2778,Producto0001122,1
2779,Producto0001123,1
2780,Producto0001124,1
2781,Producto0001125,1
2782,Producto0001126,1
2783,Producto0001127,1
2784,Producto0001128,1
2785,Producto0001129,1
2786,Producto0001130,1
2787,Producto0001131,1
2788,Producto0001132,1
2789,Producto0001133,1
2790,Producto0001134,1
2791,Producto0001135,1
2792,Producto0001136,1
2793,Producto0001137,1
2794,Producto0001138,1
2795,Producto0001139,1
2796,Producto0001140,1
2797,Producto0001141,1
2798,Producto0001142,1
2799,Producto0001143,1
2803,Producto0001144,1
2817,Producto0001145,1
2819,Producto0001146,1
2820,Producto0001147,1
2821,Producto0001148,1
2822,Producto0001149,1
2823,Producto0001150,1
2825,Producto0001151,1
2828,Producto0001152,1
2829,Producto0001153,1
2830,Producto0001154,1
2831,Producto0001155,1
2832,Producto0001156,1
2835,Producto0001157,1
2839,Producto0001158,1
2842,Producto0001159,1
2843,Producto0001160,1
2845,Producto0001161,1
2846,Producto0001162,1
2847,Producto0001163,1
2848,Producto0001164,1
2849,Producto0001165,1
2850,Producto0001166,1
2853,Producto0001167,1
2854,Producto0001168,1
2855,Producto0001169,1
2857,Producto0001170,1
2864,Producto0001171,1
2867,Producto0001172,1
2868,Producto0001173,1
2870,Producto0001174,1
2874,Producto0001175,1
2876,Producto0001176,1
2877,Producto0001177,1
2878,Producto0001178,1
2882,Producto0001179,1
2884,Producto0001180,1
2887,Producto0001181,1
2890,Producto0001182,1
2891,Producto0001183,1
2893,Producto0001184,1
2896,Producto0001185,1
2897,Producto0001186,1
2907,Producto0001187,1
2911,Producto0001188,1
2912,Producto0001189,1
2913,Producto0001190,1
2915,Producto0001191,1
2916,Producto0001192,1
2921,Producto0001193,1
2922,Producto0001194,1
2923,Producto0001195,1
2926,Producto0001196,1
2931,Producto0001197,1
2932,Producto0001198,1
2940,Producto0001199,1
2943,Producto0001200,1
2945,Producto0001201,1
2954,Producto0001202,1
2957,Producto0001203,1
2958,Producto0001204,1
2959,Producto0001205,1
2960,Producto0001206,1
2961,Producto0001207,1
2970,Producto0001208,1
2982,Producto0001209,1
2984,Producto0001210,1
2989,Producto0001211,1
2990,Producto0001212,1
2991,Producto0001213,1
2992,Producto0001214,1
2993,Producto0001215,1
2994,Producto0001216,1
2995,Producto0001217,1
2996,Producto0001218,1
2997,Producto0001219,1
2998,Producto0001220,1
3035,Producto0001221,1
3043,Producto0001222,1
3052,Producto0001223,1
3053,Producto0001224,1
3055,Producto0001225,1
3066,Producto0001226,1
3069,Producto0001227,1
3078,Producto0001228,1
3079,Producto0001229,1
3082,Producto0001230,1
3084,Producto0001231,1
3087,Producto0001232,1
3092,Producto0001233,1
3105,Producto0001234,1
3111,Producto0001235,1
3115,Producto0001236,1
3117,Producto0001237,1
3122,Producto0001238,1
3126,Producto0001239,1
3127,Producto0001240,1
3131,Producto0001241,1
3132,Producto0001242,1
3137,Producto0001243,1
3138,Producto0001244,1
3153,Producto0001245,1
3154,Producto0001246,1
3167,Producto0001247,1
3170,Producto0001248,1
3181,Producto0001249,1
3193,Producto0001250,1
3247,Producto0001251,1
3263,Producto0001252,1
3275,Producto0001253,1
3281,Producto0001254,1
3287,Producto0001255,1
3291,Producto0001256,1
3292,Producto0001257,1
3294,Producto0001258,1
3295,Producto0001259,1
3297,Producto0001260,1
3299,Producto0001261,1
3343,Producto0001262,1
3359,Producto0001263,1
3380,Producto0001264,1
3391,Producto0001265,1
3395,Producto0001266,1
3398,Producto0001267,1
3403,Producto0001268,1
3410,Producto0001269,1
3413,Producto0001270,1
3419,Producto0001271,1
3424,Producto0001272,1
3429,Producto0001273,1
3430,Producto0001274,1
3431,Producto0001275,1
3433,Producto0001276,1
3434,Producto0001277,1
3436,Producto0001278,1
3446,Producto0001279,1
3461,Producto0001280,1
3464,Producto0001281,1
3468,Producto0001282,1
3470,Producto0001283,1
3472,Producto0001284,1
3474,Producto0001285,1
3483,Producto0001286,1
3560,Producto0001287,1
3561,Producto0001288,1
3562,Producto0001289,1
3564,Producto0001290,1
3580,Producto0001291,1
3588,Producto0001292,1
3603,Producto0001293,1
3614,Producto0001294,1
3618,Producto0001295,1
3648,Producto0001296,1
3655,Producto0001297,1
3667,Producto0001298,1
3681,Producto0001299,1
3685,Producto0001300,1
3687,Producto0001301,1
3688,Producto0001302,1
3693,Producto0001303,1
3694,Producto0001304,1
3699,Producto0001305,1
3722,Producto0001306,1
3736,Producto0001307,1
3739,Producto0001308,1
3754,Producto0001309,1
3757,Producto0001310,1
3761,Producto0001311,1
3763,Producto0001312,1
3773,Producto0001313,1
3783,Producto0001314,1
3788,Producto0001315,1
3795,Producto0001316,1
3797,Producto0001317,1
3802,Producto0001318,1
3804,Producto0001319,1
3823,Producto0001320,1
3827,Producto0001321,1
3830,Producto0001322,1
3837,Producto0001323,1
3843,Producto0001324,1
3847,Producto0001325,1
3848,Producto0001326,1
3858,Producto0001327,1
3859,Producto0001328,1
3865,Producto0001329,1
3870,Producto0001330,1
3872,Producto0001331,1
3874,Producto0001332,1
3875,Producto0001333,1
3881,Producto0001334,1
3882,Producto0001335,1
3887,Producto0001336,1
3888,Producto0001337,1
3897,Producto0001338,1
3902,Producto0001339,1
3915,Producto0001340,1
3921,Producto0001341,1
3925,Producto0001342,1
3927,Producto0001343,1
3936,Producto0001344,1
3946,Producto0001345,1
3952,Producto0001346,1
3953,Producto0001347,1
3955,Producto0001348,1
3968,Producto0001349,1
3974,Producto0001350,1
3977,Producto0001351,1
3982,Producto0001352,1
3988,Producto0001353,1
3998,Producto0001354,1
3999,Producto0001355,1
4001,Producto0001356,1
4002,Producto0001357,1
4003,Producto0001358,1
4010,Producto0001359,1
4011,Producto0001360,1
4012,Producto0001361,1
4018,Producto0001362,1
4030,Producto0001363,1
4094,Producto0001364,1
4095,Producto0001365,1
4108,Producto0001366,1
4110,Producto0001367,1
4111,Producto0001368,1
4113,Producto0001369,1
4115,Producto0001370,1
4117,Producto0001371,1
4120,Producto0001372,1
4121,Producto0001373,1
4135,Producto0001374,1
4138,Producto0001375,1
4146,Producto0001376,1
4156,Producto0001377,1
4157,Producto0001378,1
4158,Producto0001379,1
4160,Producto0001380,1
4161,Producto0001381,1
4162,Producto0001382,1
4163,Producto0001383,1
4164,Producto0001384,1
4165,Producto0001385,1
4166,Producto0001386,1
4167,Producto0001387,1
4168,Producto0001388,1
4170,Producto0001389,1
4182,Producto0001390,1
4184,Producto0001391,1
4201,Producto0001392,1
4208,Producto0001393,1
4211,Producto0001394,1
4215,Producto0001395,1
4234,Producto0001396,1
4238,Producto0001397,1
4245,Producto0001398,48
4248,Producto0001399,1
4250,Producto0001400,1
4260,Producto0001401,1
4265,Producto0001402,1
4266,Producto0001403,1
4273,Producto0001404,1
4280,Producto0001405,1
4314,Producto0001406,1
4320,Producto0001407,1
4326,Producto0001408,1
4331,Producto0001409,1
4332,Producto0001410,1
4335,Producto0001411,1
4352,Producto0001412,1
4353,Producto0001413,1
4362,Producto0001414,1
4363,Producto0001415,1
4369,Producto0001416,1
4378,Producto0001417,1
4381,Producto0001418,1
4385,Producto0001419,1
4388,Producto0001420,1
4389,Producto0001421,1
4402,Producto0001422,1
4404,Producto0001423,1
4408,Producto0001424,1
4415,Producto0001425,1
4417,Producto0001426,1
4422,Producto0001427,1
4432,Producto0001428,1
4434,Producto0001429,1
4443,Producto0001430,1
4465,Producto0001431,1
4472,Producto0001432,1
4473,Producto0001433,1
4490,Producto0001434,1
4496,Producto0001435,1
4500,Producto0001436,1
4501,Producto0001437,1
4502,Producto0001438,1
4519,Producto0001439,1
4520,Producto0001440,1
4526,Producto0001441,1
4530,Producto0001442,1
4539,Producto0001443,1
4547,Producto0001444,1
4562,Producto0001445,1
4564,Producto0001446,1
4569,Producto0001447,1
4571,Producto0001448,1
4576,Producto0001449,1
4578,Producto0001450,1
4585,Producto0001451,1
4586,Producto0001452,1
4587,Producto0001453,1
4588,Producto0001454,1
4589,Producto0001455,1
4591,Producto0001456,1
4592,Producto0001457,1
4594,Producto0001458,1
4595,Producto0001459,1
4598,Producto0001460,1
4600,Producto0001461,1
4601,Producto0001462,1
4602,Producto0001463,1
4603,Producto0001464,1
4613,Producto0001465,1
4614,Producto0001466,1
4616,Producto0001467,1
4617,Producto0001468,1
4619,Producto0001469,1
4622,Producto0001470,1
4638,Producto0001471,1
4639,Producto0001472,1
4640,Producto0001473,1
4641,Producto0001474,1
4645,Producto0001475,1
4654,Producto0001476,1
4657,Producto0001477,1
4663,Producto0001478,1
4664,Producto0001479,1
4668,Producto0001480,1
4670,Producto0001481,1
4671,Producto0001482,1
4676,Producto0001483,1
4679,Producto0001484,1
4686,Producto0001485,1
4695,Producto0001486,1
4697,Producto0001487,1
4701,Producto0001488,1
4703,Producto0001489,1
4704,Producto0001490,1
4709,Producto0001491,1
4710,Producto0001492,1
4712,Producto0001493,1
4714,Producto0001494,1
4716,Producto0001495,1
4720,Producto0001496,1
4723,Producto0001497,1
4726,Producto0001498,1
4734,Producto0001499,1
4735,Producto0001500,1
4756,Producto0001501,1
4758,Producto0001502,1
4760,Producto0001503,1
4762,Producto0001504,1
4764,Producto0001505,1
4767,Producto0001506,1
4769,Producto0001507,1
4771,Producto0001508,1
4774,Producto0001509,1
4775,Producto0001510,1
4787,Producto0001511,1
4801,Producto0001512,1
4802,Producto0001513,1
4806,Producto0001514,1
4808,Producto0001515,1
4809,Producto0001516,1
4810,Producto0001517,1
4812,Producto0001518,1
4814,Producto0001519,1
4815,Producto0001520,1
4816,Producto0001521,1
4822,Producto0001522,1
4826,Producto0001523,1
4837,Producto0001524,1
4841,Producto0001525,1
4843,Producto0001526,1
4845,Producto0001527,1
4847,Producto0001528,1
4850,Producto0001529,1
4851,Producto0001530,1
4853,Producto0001531,1
4854,Producto0001532,1
4855,Producto0001533,1
4856,Producto0001534,1
4873,Producto0001535,1
4879,Producto0001536,1
4883,Producto0001537,1
4884,Producto0001538,1
4885,Producto0001539,1
4888,Producto0001540,1
4891,Producto0001541,1
4894,Producto0001542,1
4896,Producto0001543,1
4901,Producto0001544,1
4902,Producto0001545,1
4906,Producto0001546,1
4921,Producto0001547,1
4923,Producto0001548,1
4938,Producto0001549,1
4947,Producto0001550,1
4948,Producto0001551,1
4976,Producto0001552,1
4990,Producto0001553,1
5000,Producto0001554,1
5001,Producto0001555,1
5002,Producto0001556,1
5003,Producto0001557,1
5007,Producto0001558,1
5012,Producto0001559,1
5013,Producto0001560,1
5014,Producto0001561,1
5015,Producto0001562,1
5018,Producto0001563,1
5026,Producto0001564,1
5038,Producto0001565,1
5047,Producto0001566,1
5049,Producto0001567,1
5051,Producto0001568,1
5052,Producto0001569,1
5058,Producto0001570,1
5067,Producto0001571,1
5068,Producto0001572,1
5071,Producto0001573,1
5074,Producto0001574,1
5078,Producto0001575,1
5083,Producto0001576,1
5084,Producto0001577,1
5094,Producto0001578,1
5095,Producto0001579,1
5102,Producto0001580,1
5103,Producto0001581,1
5104,Producto0001582,1
5105,Producto0001583,1
5106,Producto0001584,12
5107,Producto0001585,12
5108,Producto0001586,12
5110,Producto0001587,1
5111,Producto0001588,1
5112,Producto0001589,1
5113,Producto0001590,1
5114,Producto0001591,1
5115,Producto0001592,1
5116,Producto0001593,1
5119,Producto0001594,12
5120,Producto0001595,6
5121,Producto0001596,12
5122,Producto0001597,12
5123,Producto0001598,12
5124,Producto0001599,12
5125,Producto0001600,12
5126,Producto0001601,12
5131,Producto0001602,1
5132,Producto0001603,1
5133,Producto0001604,1
5135,Producto0001605,1
5136,Producto0001606,1
5137,Producto0001607,1
5138,Producto0001608,1
5141,Producto0001609,1
5142,Producto0001610,12
5143,Producto0001611,12
5144,Producto0001612,6
5145,Producto0001613,12
5149,Producto0001614,1
5150,Producto0001615,24
5151,Producto0001616,12
5152,Producto0001617,24
5153,Producto0001618,24
5154,Producto0001619,24
5155,Producto0001620,24
5156,Producto0001621,24
5157,Producto0001622,24
5158,Producto0001623,24
5159,Producto0001624,8
5160,Producto0001625,8
5161,Producto0001626,8
5162,Producto0001627,8
5163,Producto0001628,8
5164,Producto0001629,24
5165,Producto0001630,24
5166,Producto0001631,24
5167,Producto0001632,24
5168,Producto0001633,24
5169,Producto0001634,6
5170,Producto0001635,6
5171,Producto0001636,6
5172,Producto0001637,24
5173,Producto0001638,24
5174,Producto0001639,12
5175,Producto0001640,12
5176,Producto0001641,8
5177,Producto0001642,8
5178,Producto0001643,8
5179,Producto0001644,8
5180,Producto0001645,8
5181,Producto0001646,6
5182,Producto0001647,6
5183,Producto0001648,6
5184,Producto0001649,6
5185,Producto0001650,12
5186,Producto0001651,12
5187,Producto0001652,6
5188,Producto0001653,6
5189,Producto0001654,6
5190,Producto0001655,6
5191,Producto0001656,6
5192,Producto0001657,6
5193,Producto0001658,6
5194,Producto0001659,6
5195,Producto0001660,6
5196,Producto0001661,24
5197,Producto0001662,24
5198,Producto0001663,24
5199,Producto0001664,24
5200,Producto0001665,4
5201,Producto0001666,4
5202,Producto0001667,6
5203,Producto0001668,6
5204,Producto0001669,6
5205,Producto0001670,6
5209,Producto0001671,6
5210,Producto0001672,6
5211,Producto0001673,6
5212,Producto0001674,6
5213,Producto0001675,6
5214,Producto0001676,6
5215,Producto0001677,6
5216,Producto0001678,6
5217,Producto0001679,6
5218,Producto0001680,12
5239,Producto0001681,1
5397,Producto0001682,12
5406,Producto0001683,12
5407,Producto0001684,12
5408,Producto0001685,12
5412,Producto0001686,12
5413,Producto0001687,12
5417,Producto0001688,12
5418,Producto0001689,12
5419,Producto0001690,6
5421,Producto0001691,6
5423,Producto0001692,12
5424,Producto0001693,6
5426,Producto0001694,12
5427,Producto0001695,6
5428,Producto0001696,6
5433,Producto0001697,12
5434,Producto0001698,12
5435,Producto0001699,12
5436,Producto0001700,12
5437,Producto0001701,12
5438,Producto0001702,24
5439,Producto0001703,24
5440,Producto0001704,24
5441,Producto0001705,24
5447,Producto0001706,12
5449,Producto0001707,12
5451,Producto0001708,2
5452,Producto0001709,2
5456,Producto0001710,12
5459,Producto0001711,12
5460,Producto0001712,12
5461,Producto0001713,2
5462,Producto0001714,12
5463,Producto0001715,12
5464,Producto0001716,12
5465,Producto0001717,12
5467,Producto0001718,12
5468,Producto0001719,12
5469,Producto0001720,12
5470,Producto0001721,12
5471,Producto0001722,6
5472,Producto0001723,12
5474,Producto0001724,6
5475,Producto0001725,12
5476,Producto0001726,12
5477,Producto0001727,12
5478,Producto0001728,12
5479,Producto0001729,12
5481,Producto0001730,12
5482,Producto0001731,6
5484,Producto0001732,6
5486,Producto0001733,6
5489,Producto0001734,12
5490,Producto0001735,12
5491,Producto0001736,12
5492,Producto0001737,12
5493,Producto0001738,12
5494,Producto0001739,12
5495,Producto0001740,12
5496,Producto0001741,12
5497,Producto0001742,12
5498,Producto0001743,12
5499,Producto0001744,12
5500,Producto0001745,12
5501,Producto0001746,12
5502,Producto0001747,12
5503,Producto0001748,12
5511,Producto0001749,8
5513,Producto0001750,8
5514,Producto0001751,8
5515,Producto0001752,8
5516,Producto0001753,8
5523,Producto0001754,24
5524,Producto0001755,24
5525,Producto0001756,24
5526,Producto0001757,24
5527,Producto0001758,24
5554,Producto0001759,24
5572,Producto0001760,24
5575,Producto0001761,24
5576,Producto0001762,12
5577,Producto0001763,12
5600,Producto0001764,6
5618,Producto0001765,24
5619,Producto0001766,24
5620,Producto0001767,24
5640,Producto0001768,24
5651,Producto0001769,24
5652,Producto0001770,24
5653,Producto0001771,24
5658,Producto0001772,24
5659,Producto0001773,24
5660,Producto0001774,24
5662,Producto0001775,24
5663,Producto0001776,12
5664,Producto0001777,4
5665,Producto0001778,12
5666,Producto0001779,32
5667,Producto0001780,32
5668,Producto0001781,32
5670,Producto0001782,32
5671,Producto0001783,24
5675,Producto0001784,24
5676,Producto0001785,24
5677,Producto0001786,24
5678,Producto0001787,24
5679,Producto0001788,24
5680,Producto0001789,24
5681,Producto0001790,24
5682,Producto0001791,24
5683,Producto0001792,24
5684,Producto0001793,24
5685,Producto0001794,24
5687,Producto0001795,24
5713,Producto0001796,12
5714,Producto0001797,12
5715,Producto0001798,12
5716,Producto0001799,12
5717,Producto0001800,12
5718,Producto0001801,12
5793,Producto0001802,24
5800,Producto0001803,24
5818,Producto0001804,12
5840,Producto0001805,12
5841,Producto0001806,24
5842,Producto0001807,24
5843,Producto0001808,24
5844,Producto0001809,24
5845,Producto0001810,12
5846,Producto0001811,12
5847,Producto0001812,12
5848,Producto0001813,12
5849,Producto0001814,8
5850,Producto0001815,8
5851,Producto0001816,8
5852,Producto0001817,16
5853,Producto0001818,24
5856,Producto0001819,8
5857,Producto0001820,8
5913,Producto0001821,1
5914,Producto0001822,1
5957,Producto0001823,8
5959,Producto0001824,8
6001,Producto0001825,2
6016,Producto0001826,2
6023,Producto0001827,6
6026,Producto0001828,5
6030,Producto0001829,2
6034,Producto0001830,2
6035,Producto0001831,2
6036,Producto0001832,2
6037,Producto0001833,2
6042,Producto0001834,2
6048,Producto0001835,3
6051,Producto0001836,2
6052,Producto0001837,2
6059,Producto0001838,2
6064,Producto0001839,6
6065,Producto0001840,12
6070,Producto0001841,2
6076,Producto0001842,3
6077,Producto0001843,3
6078,Producto0001844,6
6079,Producto0001845,2
6080,Producto0001846,6
6083,Producto0001847,12
6084,Producto0001848,8
6085,Producto0001849,24
6086,Producto0001850,12
6087,Producto0001851,24
6089,Producto0001852,6
6090,Producto0001853,12
6091,Producto0001854,2
6092,Producto0001855,2
6093,Producto0001856,2
6094,Producto0001857,6
6095,Producto0001858,2
6096,Producto0001859,6
6097,Producto0001860,1
6098,Producto0001861,2
6099,Producto0001862,2
6100,Producto0001863,2
6101,Producto0001864,2
6102,Producto0001865,2
6103,Producto0001866,2
6104,Producto0001867,6
6105,Producto0001868,2
6106,Producto0001869,2
6107,Producto0001870,2
6108,Producto0001871,2
6109,Producto0001872,2
6110,Producto0001873,2
6111,Producto0001874,3
6112,Producto0001875,3
6113,Producto0001876,6
6114,Producto0001877,24
6115,Producto0001878,24
6116,Producto0001879,12
6117,Producto0001880,6
6118,Producto0001881,12
6119,Producto0001882,12
6120,Producto0001883,12
6121,Producto0001884,12
6122,Producto0001885,2
6123,Producto0001886,2
6124,Producto0001887,2
6125,Producto0001888,2
6126,Producto0001889,2
6127,Producto0001890,2
6128,Producto0001891,2
6129,Producto0001892,2
6130,Producto0001893,3
6131,Producto0001894,3
6132,Producto0001895,2
6133,Producto0001896,3
6134,Producto0001897,2
6135,Producto0001898,2
6136,Producto0001899,6
6137,Producto0001900,6
6138,Producto0001901,12
6139,Producto0001902,6
6140,Producto0001903,2
6141,Producto0001904,2
6142,Producto0001905,2
6143,Producto0001906,2
6146,Producto0001907,2
6147,Producto0001908,2
6148,Producto0001909,6
6149,Producto0001910,4
6150,Producto0001911,6
6151,Producto0001912,2
6152,Producto0001913,2
6153,Producto0001914,3
6154,Producto0001915,3
6155,Producto0001916,2
6300,Producto0001917,1
6400,Producto0001918,1
6401,Producto0001919,1
6402,Producto0001920,1
6403,Producto0001921,1
6404,Producto0001922,1
6405,Producto0001923,1
6406,Producto0001924,1
6407,Producto0001925,1
6408,Producto0001926,1
6409,Producto0001927,1
6410,Producto0001928,1
6411,Producto0001929,1
6412,Producto0001930,1
6413,Producto0001931,1
6414,Producto0001932,1
6415,Producto0001933,1
6416,Producto0001934,1
6417,Producto0001935,1
6418,Producto0001936,1
6419,Producto0001937,1
6420,Producto0001938,1
6444,Producto0001939,1
6445,Producto0001940,1
6446,Producto0001941,1
6447,Producto0001942,1
6448,Producto0001943,1
6449,Producto0001944,1
6450,Producto0001945,1
6451,Producto0001946,1
6452,Producto0001947,1
6453,Producto0001948,1
6454,Producto0001949,1
6455,Producto0001950,1
6456,Producto0001951,1
6457,Producto0001952,1
6458,Producto0001953,1
6459,Producto0001954,1
6460,Producto0001955,1
6461,Producto0001956,1
6462,Producto0001957,1
6463,Producto0001958,1
6464,Producto0001959,1
6465,Producto0001960,1
6466,Producto0001961,1
6467,Producto0001962,1
6468,Producto0001963,1
6469,Producto0001964,1
6470,Producto0001965,1
6471,Producto0001966,2
6472,Producto0001967,1
6473,Producto0001968,1
6474,Producto0001969,1
6475,Producto0001970,1
6476,Producto0001971,1
6477,Producto0001972,2
6478,Producto0001973,1
6479,Producto0001974,1
6480,Producto0001975,1
6481,Producto0001976,1
6482,Producto0001977,1
6483,Producto0001978,1
6484,Producto0001979,1
6485,Producto0001980,1
6486,Producto0001981,1
6487,Producto0001982,1
6488,Producto0001983,1
6489,Producto0001984,1
6490,Producto0001985,1
6491,Producto0001986,1
6492,Producto0001987,1
6493,Producto0001988,1
6494,Producto0001989,1
6495,Producto0001990,1
6496,Producto0001991,1
6497,Producto0001992,1
6498,Producto0001993,1
6499,Producto0001994,1
6562,Producto0001995,1
6564,Producto0001996,1
6565,Producto0001997,1
6566,Producto0001998,1
6567,Producto0001999,1
6568,Producto0002000,1
6569,Producto0002001,1
6570,Producto0002002,1
6571,Producto0002003,1
6572,Producto0002004,1
6573,Producto0002005,1
6574,Producto0002006,1
6575,Producto0002007,1
6576,Producto0002008,1
6577,Producto0002009,1
6578,Producto0002010,1
6579,Producto0002011,1
6580,Producto0002012,1
6581,Producto0002013,1
6582,Producto0002014,1
6583,Producto0002015,1
6584,Producto0002016,1
6585,Producto0002017,1
6586,Producto0002018,1
6587,Producto0002019,1
6588,Producto0002020,1
6589,Producto0002021,1
6590,Producto0002022,1
6592,Producto0002023,1
6593,Producto0002024,1
6594,Producto0002025,1
6595,Producto0002026,1
6596,Producto0002027,1
6597,Producto0002028,1
6598,Producto0002029,1
6599,Producto0002030,1
6631,Producto0002031,24
6651,Producto0002032,6
6652,Producto0002033,1
6653,Producto0002034,1
6654,Producto0002035,1
6655,Producto0002036,1
6656,Producto0002037,1
6657,Producto0002038,1
6658,Producto0002039,1
6659,Producto0002040,1
6660,Producto0002041,1
6661,Producto0002042,1
6662,Producto0002043,1
6663,Producto0002044,1
6664,Producto0002045,1
6665,Producto0002046,1
6666,Producto0002047,1
6667,Producto0002048,1
6668,Producto0002049,1
6669,Producto0002050,1
6670,Producto0002051,1
6671,Producto0002052,1
6672,Producto0002053,1
6673,Producto0002054,1
6675,Producto0002055,1
6676,Producto0002056,1
6677,Producto0002057,1
6678,Producto0002058,1
6679,Producto0002059,1
6680,Producto0002060,1
6681,Producto0002061,1
6682,Producto0002062,1
6683,Producto0002063,1
6684,Producto0002064,1
6685,Producto0002065,1
6686,Producto0002066,1
6687,Producto0002067,1
6688,Producto0002068,1
6689,Producto0002069,1
6690,Producto0002070,1
6691,Producto0002071,1
6692,Producto0002072,1
6693,Producto0002073,1
6694,Producto0002074,1
6695,Producto0002075,1
6696,Producto0002076,1
6697,Producto0002077,1
6698,Producto0002078,1
6699,Producto0002079,1
6700,Producto0002080,1
6704,Producto0002081,1
6705,Producto0002082,1
6706,Producto0002083,1
6713,Producto0002084,1
6715,Producto0002085,1
6718,Producto0002086,1
6724,Producto0002087,1
6729,Producto0002088,1
6730,Producto0002089,1
6735,Producto0002090,1
6743,Producto0002091,1
6746,Producto0002092,1
6750,Producto0002093,1
6764,Producto0002094,1
6771,Producto0002095,1
6772,Producto0002096,1
6781,Producto0002097,1
6785,Producto0002098,1
6792,Producto0002099,1
6793,Producto0002100,1
6796,Producto0002101,1
6800,Producto0002102,2
6809,Producto0002103,1
6813,Producto0002104,1
6814,Producto0002105,1
6815,Producto0002106,1
6816,Producto0002107,1
6824,Producto0002108,1
6835,Producto0002109,1
6836,Producto0002110,1
6837,Producto0002111,1
6839,Producto0002112,1
6841,Producto0002113,1
6842,Producto0002114,1
6844,Producto0002115,1
6846,Producto0002116,1
6849,Producto0002117,1
6852,Producto0002118,1
6853,Producto0002119,1
6854,Producto0002120,1
6855,Producto0002121,1
6856,Producto0002122,1
6857,Producto0002123,1
6865,Producto0002124,1
6875,Producto0002125,1
6876,Producto0002126,1
6879,Producto0002127,1
6886,Producto0002128,1
6889,Producto0002129,1
6891,Producto0002130,1
6894,Producto0002131,1
6897,Producto0002132,1
6898,Producto0002133,1
6900,Producto0002134,1
6902,Producto0002135,1
6903,Producto0002136,1
6908,Producto0002137,1
6910,Producto0002138,1
6911,Producto0002139,1
6914,Producto0002140,1
6915,Producto0002141,1
6919,Producto0002142,1
6922,Producto0002143,1
6924,Producto0002144,1
6925,Producto0002145,1
6926,Producto0002146,1
6927,Producto0002147,1
6928,Producto0002148,1
6931,Producto0002149,1
6932,Producto0002150,1
6934,Producto0002151,1
6936,Producto0002152,1
6938,Producto0002153,1
6942,Producto0002154,1
6945,Producto0002155,1
6946,Producto0002156,1
6948,Producto0002157,1
6950,Producto0002158,1
6953,Producto0002159,1
6954,Producto0002160,1
6955,Producto0002161,1
6956,Producto0002162,1
6959,Producto0002163,1
6960,Producto0002164,1
6965,Producto0002165,1
6972,Producto0002166,1
6975,Producto0002167,1
6978,Producto0002168,1
6987,Producto0002169,1
6988,Producto0002170,1
6994,Producto0002171,1
7004,Producto0002172,1
7007,Producto0002173,1
7008,Producto0002174,1
7009,Producto0002175,1
7010,Producto0002176,1
7017,Producto0002177,1
7019,Producto0002178,1
7020,Producto0002179,1
7022,Producto0002180,1
7027,Producto0002181,1
7029,Producto0002182,1
7030,Producto0002183,1
7033,Producto0002184,1
7034,Producto0002185,1
7035,Producto0002186,1
7037,Producto0002187,1
7045,Producto0002188,1
7048,Producto0002189,1
7051,Producto0002190,1
7054,Producto0002191,1
7056,Producto0002192,1
7057,Producto0002193,1
7063,Producto0002194,1
7068,Producto0002195,1
7069,Producto0002196,1
7079,Producto0002197,1
7084,Producto0002198,1
7095,Producto0002199,1
7096,Producto0002200,1
7097,Producto0002201,1
7101,Producto0002202,1
7102,Producto0002203,1
7105,Producto0002204,1
7106,Producto0002205,1
7107,Producto0002206,1
7115,Producto0002207,1
7117,Producto0002208,1
7127,Producto0002209,1
7131,Producto0002210,1
7133,Producto0002211,1
7136,Producto0002212,1
7137,Producto0002213,1
7146,Producto0002214,1
7151,Producto0002215,1
7152,Producto0002216,1
7154,Producto0002217,1
7155,Producto0002218,1
7156,Producto0002219,1
7161,Producto0002220,1
7162,Producto0002221,1
7165,Producto0002222,1
7166,Producto0002223,1
7167,Producto0002224,1
7168,Producto0002225,1
7169,Producto0002226,1
7174,Producto0002227,1
7178,Producto0002228,1
7179,Producto0002229,1
7180,Producto0002230,1
7181,Producto0002231,1
7182,Producto0002232,1
7183,Producto0002233,1
7184,Producto0002234,1
7185,Producto0002235,1
7190,Producto0002236,1
7191,Producto0002237,1
7192,Producto0002238,1
7194,Producto0002239,1
7195,Producto0002240,1
7196,Producto0002241,1
7197,Producto0002242,1
7198,Producto0002243,1
7201,Producto0002244,1
7202,Producto0002245,1
7203,Producto0002246,1
7207,Producto0002247,1
7209,Producto0002248,1
7210,Producto0002249,1
7212,Producto0002250,1
7213,Producto0002251,1
7214,Producto0002252,1
7215,Producto0002253,1
7216,Producto0002254,1
7217,Producto0002255,1
7220,Producto0002256,1
7222,Producto0002257,1
7225,Producto0002258,1
7229,Producto0002259,1
7232,Producto0002260,1
7233,Producto0002261,1
7234,Producto0002262,1
7235,Producto0002263,1
7238,Producto0002264,1
7241,Producto0002265,1
7244,Producto0002266,1
7249,Producto0002267,1
7253,Producto0002268,1
7254,Producto0002269,1
7255,Producto0002270,1
7256,Producto0002271,1
7257,Producto0002272,1
7258,Producto0002273,1
7259,Producto0002274,1
7260,Producto0002275,1
7261,Producto0002276,1
7266,Producto0002277,1
7267,Producto0002278,1
7269,Producto0002279,1
7272,Producto0002280,1
7273,Producto0002281,1
7275,Producto0002282,1
7278,Producto0002283,1
7285,Producto0002284,1
7290,Producto0002285,1
7295,Producto0002286,1
7298,Producto0002287,1
7299,Producto0002288,1
7300,Producto0002289,1
7301,Producto0002290,1
7303,Producto0002291,1
7306,Producto0002292,1
7313,Producto0002293,1
7315,Producto0002294,1
7316,Producto0002295,1
7319,Producto0002296,1
7320,Producto0002297,1
7321,Producto0002298,1
7324,Producto0002299,1
7326,Producto0002300,1
7328,Producto0002301,1
7330,Producto0002302,1
7331,Producto0002303,1
7332,Producto0002304,1
7334,Producto0002305,1
7335,Producto0002306,1
7337,Producto0002307,1
7338,Producto0002308,1
7341,Producto0002309,1
7342,Producto0002310,1
7343,Producto0002311,1
7344,Producto0002312,1
7345,Producto0002313,1
7346,Producto0002314,1
7347,Producto0002315,1
7348,Producto0002316,1
7350,Producto0002317,1
7352,Producto0002318,1
7353,Producto0002319,1
7363,Producto0002320,1
7364,Producto0002321,1
7365,Producto0002322,1
7367,Producto0002323,1
7370,Producto0002324,1
7373,Producto0002325,1
7376,Producto0002326,1
7379,Producto0002327,1
7380,Producto0002328,1
7381,Producto0002329,1
7382,Producto0002330,1
7383,Producto0002331,1
7384,Producto0002332,1
7385,Producto0002333,1
7390,Producto0002334,1
7392,Producto0002335,1
7393,Producto0002336,1
7394,Producto0002337,1
7395,Producto0002338,1
7396,Producto0002339,1
7397,Producto0002340,1
7398,Producto0002341,1
7399,Producto0002342,1
7400,Producto0002343,1
7407,Producto0002344,1
7408,Producto0002345,1
7410,Producto0002346,1
7411,Producto0002347,1
7412,Producto0002348,1
7414,Producto0002349,1
7417,Producto0002350,1
7420,Producto0002351,1
7421,Producto0002352,1
7422,Producto0002353,1
7423,Producto0002354,1
7425,Producto0002355,1
7426,Producto0002356,1
7428,Producto0002357,1
7429,Producto0002358,1
7431,Producto0002359,1
7432,Producto0002360,1
7435,Producto0002361,1
7436,Producto0002362,1
7444,Producto0002363,1
7445,Producto0002364,1
7446,Producto0002365,1
7449,Producto0002366,1
7452,Producto0002367,1
7453,Producto0002368,1
7454,Producto0002369,1
7456,Producto0002370,1
7457,Producto0002371,1
7462,Producto0002372,1
7463,Producto0002373,1
7464,Producto0002374,1
7465,Producto0002375,1
7466,Producto0002376,1
7468,Producto0002377,1
7469,Producto0002378,1
7471,Producto0002379,1
7472,Producto0002380,1
7473,Producto0002381,1
7477,Producto0002382,1
7479,Producto0002383,1
7480,Producto0002384,1
7482,Producto0002385,1
7485,Producto0002386,1
7486,Producto0002387,1
7490,Producto0002388,1
7491,Producto0002389,1
7493,Producto0002390,1
7494,Producto0002391,1
7495,Producto0002392,1
7496,Producto0002393,1
7498,Producto0002394,1
7504,Producto0002395,1
7505,Producto0002396,1
7506,Producto0002397,1
7507,Producto0002398,1
7508,Producto0002399,1
7509,Producto0002400,1
7510,Producto0002401,1
7511,Producto0002402,1
7512,Producto0002403,1
7513,Producto0002404,1
7514,Producto0002405,1
7515,Producto0002406,1
7516,Producto0002407,1
7517,Producto0002408,1
7518,Producto0002409,1
7519,Producto0002410,1
7520,Producto0002411,1
7521,Producto0002412,1
7522,Producto0002413,1
7523,Producto0002414,1
7524,Producto0002415,1
7525,Producto0002416,1
7526,Producto0002417,1
7527,Producto0002418,1
7528,Producto0002419,1
7529,Producto0002420,1
7533,Producto0002421,1
7534,Producto0002422,1
7535,Producto0002423,1
7536,Producto0002424,1
7537,Producto0002425,1
7538,Producto0002426,1
7539,Producto0002427,24
7540,Producto0002428,1
7544,Producto0002429,20
7545,Producto0002430,20
7546,Producto0002431,20
7547,Producto0002432,20
7548,Producto0002433,12
7549,Producto0002434,12
7550,Producto0002435,4
7552,Producto0002436,1
7553,Producto0002437,1
7554,Producto0002438,1
7562,Producto0002439,8
7563,Producto0002440,8
7564,Producto0002441,8
7565,Producto0002442,8
7566,Producto0002443,20
7567,Producto0002444,20
7568,Producto0002445,20
7569,Producto0002446,20
7570,Producto0002447,12
7571,Producto0002448,24
7572,Producto0002449,24
7573,Producto0002450,24
7574,Producto0002451,12
7575,Producto0002452,24
7576,Producto0002453,8
7577,Producto0002454,8
7579,Producto0002455,12
7581,Producto0002456,24
7582,Producto0002457,24
7583,Producto0002458,24
7584,Producto0002459,24
7585,Producto0002460,24
7586,Producto0002461,12
7587,Producto0002462,12
7588,Producto0002463,8
7589,Producto0002464,8
7590,Producto0002465,24
7591,Producto0002466,24
7592,Producto0002467,24
7593,Producto0002468,1
7595,Producto0002469,1
7596,Producto0002470,12
7598,Producto0002471,24
7600,Producto0002472,6
7601,Producto0002473,24
7602,Producto0002474,24
7603,Producto0002475,12
7604,Producto0002476,12
7605,Producto0002477,8
7606,Producto0002478,24
7607,Producto0002479,24
7608,Producto0002480,24
7609,Producto0002481,24
7610,Producto0002482,24
7611,Producto0002483,24
7612,Producto0002484,24
7613,Producto0002485,24
7614,Producto0002486,12
7615,Producto0002487,24
7616,Producto0002488,12
7620,Producto0002489,24
7621,Producto0002490,12
7622,Producto0002491,24
7623,Producto0002492,8
7625,Producto0002493,12
7626,Producto0002494,12
7627,Producto0002495,24
7628,Producto0002496,24
7629,Producto0002497,24
7630,Producto0002498,24
7631,Producto0002499,12
7635,Producto0002500,12
7636,Producto0002501,8
7641,Producto0002502,12
7642,Producto0002503,24
7643,Producto0002504,24
7644,Producto0002505,12
7645,Producto0002506,24
7646,Producto0002507,24
7647,Producto0002508,12
7648,Producto0002509,24
7652,Producto0002510,24
7653,Producto0002511,12
7654,Producto0002512,6
7655,Producto0002513,24
7656,Producto0002514,12
7657,Producto0002515,8
7658,Producto0002516,1
7659,Producto0002517,12
7660,Producto0002518,24
7661,Producto0002519,12
7663,Producto0002520,24
7664,Producto0002521,8
7665,Producto0002522,24
7666,Producto0002523,24
7667,Producto0002524,12
7668,Producto0002525,24
7670,Producto0002526,24
7671,Producto0002527,24
7672,Producto0002528,12
7673,Producto0002529,24
7676,Producto0002530,12
7680,Producto0002531,24
7681,Producto0002532,24
7682,Producto0002533,24
7683,Producto0002534,24
7684,Producto0002535,12
7685,Producto0002536,12
7686,Producto0002537,12
7687,Producto0002538,24
7688,Producto0002539,24
7689,Producto0002540,8
7691,Producto0002541,12
7692,Producto0002542,12
7693,Producto0002543,8
7694,Producto0002544,8
7695,Producto0002545,24
7696,Producto0002546,24
7699,Producto0002547,24
7700,Producto0002548,8
7701,Producto0002549,1
7702,Producto0002550,1
7703,Producto0002551,1
7704,Producto0002552,1
7705,Producto0002553,1
7706,Producto0002554,1
7707,Producto0002555,1
7709,Producto0002556,1
7710,Producto0002557,8
7711,Producto0002558,8
7712,Producto0002559,12
7713,Producto0002560,1
7714,Producto0002561,6
7715,Producto0002562,6
7720,Producto0002563,12
7723,Producto0002564,1
7724,Producto0002565,1
7725,Producto0002566,24
7726,Producto0002567,24
7727,Producto0002568,12
7728,Producto0002569,8
7729,Producto0002570,24
7730,Producto0002571,24
7731,Producto0002572,1
7732,Producto0002573,1
7733,Producto0002574,1
7734,Producto0002575,24
7735,Producto0002576,24
7736,Producto0002577,1
7742,Producto0002578,1
7744,Producto0002579,1
7745,Producto0002580,1
7747,Producto0002581,1
7748,Producto0002582,1
7750,Producto0002583,1
7751,Producto0002584,1
7753,Producto0002585,1
7754,Producto0002586,1
7777,Producto0002587,1
7778,Producto0002588,1
7779,Producto0002589,1
7780,Producto0002590,1
7781,Producto0002591,1
7782,Producto0002592,1
7783,Producto0002593,1
7784,Producto0002594,1
7785,Producto0002595,1
7786,Producto0002596,1
7787,Producto0002597,1
7788,Producto0002598,1
7789,Producto0002599,1
7790,Producto0002600,1
7791,Producto0002601,1
7792,Producto0002602,1
7793,Producto0002603,1
7794,Producto0002604,1
7795,Producto0002605,1
7796,Producto0002606,1
7797,Producto0002607,1
7798,Producto0002608,1
7799,Producto0002609,1
7800,Producto0002610,1
7802,Producto0002611,1
7803,Producto0002612,1
7804,Producto0002613,1
7805,Producto0002614,1
7806,Producto0002615,1
7807,Producto0002616,1
7810,Producto0002617,1
7813,Producto0002618,1
7815,Producto0002619,1
7818,Producto0002620,1
7819,Producto0002621,1
7820,Producto0002622,1
7821,Producto0002623,1
7822,Producto0002624,1
7823,Producto0002625,1
7824,Producto0002626,1
7827,Producto0002627,1
7828,Producto0002628,1
7829,Producto0002629,1
7830,Producto0002630,1
7831,Producto0002631,1
7832,Producto0002632,1
7833,Producto0002633,1
7834,Producto0002634,1
7835,Producto0002635,1
7836,Producto0002636,1
7837,Producto0002637,1
7838,Producto0002638,1
7839,Producto0002639,1
7840,Producto0002640,1
7841,Producto0002641,1
7842,Producto0002642,1
7843,Producto0002643,1
7844,Producto0002644,1
7845,Producto0002645,1
7846,Producto0002646,1
7847,Producto0002647,1
7848,Producto0002648,1
7849,Producto0002649,1
7850,Producto0002650,1
7851,Producto0002651,1
7852,Producto0002652,1
7853,Producto0002653,1
7854,Producto0002654,1
7855,Producto0002655,1
7856,Producto0002656,1
7857,Producto0002657,1
7858,Producto0002658,1
7859,Producto0002659,1
7862,Producto0002660,1
7863,Producto0002661,1
7864,Producto0002662,1
7865,Producto0002663,1
7866,Producto0002664,1
7867,Producto0002665,1
7868,Producto0002666,1
7869,Producto0002667,1
7870,Producto0002668,1
7871,Producto0002669,1
7872,Producto0002670,1
7873,Producto0002671,1
7874,Producto0002672,1
7875,Producto0002673,1
7876,Producto0002674,1
7877,Producto0002675,1
7878,Producto0002676,1
7879,Producto0002677,1
7880,Producto0002678,1
7881,Producto0002679,1
7882,Producto0002680,1
7883,Producto0002681,1
7884,Producto0002682,1
7885,Producto0002683,1
7887,Producto0002684,1
7888,Producto0002685,1
7889,Producto0002686,1
7890,Producto0002687,1
7891,Producto0002688,1
7892,Producto0002689,1
7893,Producto0002690,1
7894,Producto0002691,1
7895,Producto0002692,1
7896,Producto0002693,1
7897,Producto0002694,1
7898,Producto0002695,1
7899,Producto0002696,1
7900,Producto0002697,1
7902,Producto0002698,1
7903,Producto0002699,1
7904,Producto0002700,1
7905,Producto0002701,1
7907,Producto0002702,1
7908,Producto0002703,1
7909,Producto0002704,1
7910,Producto0002705,1
7911,Producto0002706,1
7912,Producto0002707,1
7913,Producto0002708,1
7914,Producto0002709,1
7915,Producto0002710,1
7916,Producto0002711,1
7917,Producto0002712,1
7918,Producto0002713,1
7919,Producto0002714,1
7920,Producto0002715,1
7921,Producto0002716,1
7922,Producto0002717,1
7923,Producto0002718,1
7924,Producto0002719,1
7925,Producto0002720,1
7926,Producto0002721,1
7927,Producto0002722,1
7928,Producto0002723,1
7929,Producto0002724,1
7930,Producto0002725,1
7931,Producto0002726,1
7932,Producto0002727,1
7933,Producto0002728,1
7934,Producto0002729,1
7935,Producto0002730,1
7936,Producto0002731,1
7937,Producto0002732,1
7938,Producto0002733,1
7939,Producto0002734,1
7940,Producto0002735,1
7941,Producto0002736,1
7942,Producto0002737,1
7943,Producto0002738,1
7944,Producto0002739,1
7945,Producto0002740,1
7946,Producto0002741,1
7947,Producto0002742,1
7948,Producto0002743,1
7949,Producto0002744,1
7950,Producto0002745,1
7951,Producto0002746,1
7952,Producto0002747,1
7953,Producto0002748,1
7954,Producto0002749,1
7955,Producto0002750,1
7956,Producto0002751,1
7957,Producto0002752,1
7958,Producto0002753,1
7959,Producto0002754,1
7960,Producto0002755,1
7961,Producto0002756,1
7962,Producto0002757,1
7963,Producto0002758,1
7964,Producto0002759,1
7965,Producto0002760,1
7966,Producto0002761,1
7967,Producto0002762,1
7968,Producto0002763,1
7969,Producto0002764,1
7970,Producto0002765,1
7971,Producto0002766,1
7972,Producto0002767,1
7973,Producto0002768,1
7974,Producto0002769,1
7975,Producto0002770,1
7976,Producto0002771,1
7977,Producto0002772,1
7978,Producto0002773,1
7979,Producto0002774,1
7980,Producto0002775,1
7981,Producto0002776,1
7982,Producto0002777,1
7983,Producto0002778,1
7984,Producto0002779,1
7985,Producto0002780,1
7986,Producto0002781,1
7987,Producto0002782,1
7988,Producto0002783,1
7989,Producto0002784,1
7990,Producto0002785,1
7991,Producto0002786,1
7992,Producto0002787,1
7993,Producto0002788,1
7994,Producto0002789,1
7995,Producto0002790,1
7996,Producto0002791,1
7997,Producto0002792,1
7998,Producto0002793,1
7999,Producto0002794,1
8002,Producto0002795,1
8003,Producto0002796,1
8004,Producto0002797,1
8005,Producto0002798,1
8006,Producto0002799,1
8007,Producto0002800,1
8008,Producto0002801,1
8010,Producto0002802,1
8011,Producto0002803,1
8012,Producto0002804,1
8013,Producto0002805,1
8014,Producto0002806,1
8015,Producto0002807,1
8016,Producto0002808,1
8017,Producto0002809,1
8018,Producto0002810,1
8019,Producto0002811,1
8020,Producto0002812,1
8021,Producto0002813,1
8022,Producto0002814,1
8023,Producto0002815,1
8024,Producto0002816,1
8025,Producto0002817,1
8026,Producto0002818,1
8027,Producto0002819,1
8028,Producto0002820,1
8029,Producto0002821,1
8030,Producto0002822,1
8031,Producto0002823,1
8035,Producto0002824,1
8036,Producto0002825,1
8037,Producto0002826,1
8038,Producto0002827,1
8039,Producto0002828,1
8040,Producto0002829,1
8041,Producto0002830,1
8042,Producto0002831,1
8043,Producto0002832,1
8044,Producto0002833,1
8047,Producto0002834,1
8055,Producto0002835,1
8058,Producto0002836,1
8059,Producto0002837,1
8100,Producto0002838,1
8101,Producto0002839,1
8102,Producto0002840,1
8103,Producto0002841,1
8104,Producto0002842,1
8105,Producto0002843,1
8106,Producto0002844,1
8107,Producto0002845,1
8108,Producto0002846,1
8109,Producto0002847,1
8110,Producto0002848,1
8111,Producto0002849,1
8112,Producto0002850,1
8113,Producto0002851,1
8114,Producto0002852,1
8115,Producto0002853,1
8116,Producto0002854,1
8117,Producto0002855,1
8118,Producto0002856,1
8119,Producto0002857,1
8120,Producto0002858,1
8121,Producto0002859,1
8122,Producto0002860,1
8123,Producto0002861,1
8128,Producto0002862,1
8129,Producto0002863,1
8134,Producto0002864,1
8142,Producto0002865,1
8143,Producto0002866,1
8148,Producto0002867,1
8149,Producto0002868,1
8150,Producto0002869,1
8151,Producto0002870,1
8152,Producto0002871,1
8155,Producto0002872,1
8156,Producto0002873,1
8157,Producto0002874,1
8162,Producto0002875,1
8163,Producto0002876,1
8164,Producto0002877,1
8165,Producto0002878,1
8166,Producto0002879,1
8167,Producto0002880,1
8168,Producto0002881,1
8170,Producto0002882,1
8171,Producto0002883,1
8172,Producto0002884,1
8173,Producto0002885,1
8174,Producto0002886,1
8175,Producto0002887,1
8176,Producto0002888,1
8177,Producto0002889,1
8178,Producto0002890,1
8179,Producto0002891,1
8180,Producto0002892,1
8181,Producto0002893,1
8182,Producto0002894,1
8183,Producto0002895,1
8184,Producto0002896,1
8185,Producto0002897,1
8186,Producto0002898,1
8187,Producto0002899,1
8188,Producto0002900,1
8189,Producto0002901,1
8190,Producto0002902,1
8191,Producto0002903,1
8192,Producto0002904,1
8193,Producto0002905,1
8194,Producto0002906,1
8195,Producto0002907,1
8196,Producto0002908,1
8197,Producto0002909,1
8198,Producto0002910,1
8199,Producto0002911,1
8200,Producto0002912,1
8201,Producto0002913,1
8202,Producto0002914,1
8203,Producto0002915,1
8204,Producto0002916,1
8205,Producto0002917,1
8206,Producto0002918,1
8207,Producto0002919,1
8208,Producto0002920,1
8209,Producto0002921,1
8210,Producto0002922,1
8211,Producto0002923,1
8212,Producto0002924,1
8213,Producto0002925,1
8214,Producto0002926,1
8215,Producto0002927,1
8216,Producto0002928,1
8217,Producto0002929,1
8218,Producto0002930,1
8219,Producto0002931,1
8220,Producto0002932,1
8221,Producto0002933,1
8222,Producto0002934,1
8223,Producto0002935,1
8224,Producto0002936,1
8225,Producto0002937,1
8226,Producto0002938,1
8227,Producto0002939,1
8228,Producto0002940,1
8229,Producto0002941,1
8230,Producto0002942,1
8231,Producto0002943,1
8232,Producto0002944,1
8233,Producto0002945,1
8234,Producto0002946,1
8235,Producto0002947,1
8236,Producto0002948,1
8904,Producto0002949,1
8906,Producto0002950,1
8907,Producto0002951,1
8909,Producto0002952,1
8910,Producto0002953,1
8911,Producto0002954,1
8912,Producto0002955,1
8913,Producto0002956,1
8915,Producto0002957,1
8916,Producto0002958,1
8917,Producto0002959,1
8918,Producto0002960,1
8919,Producto0002961,1
8920,Producto0002962,1
